name,email,country
Monique Martinez PhD,kellyschaefer@example.com,Guadeloupe
John Graham,vstewart@example.com,Bolivia
David Tran,ericwhite@example.net,Saudi Arabia
Maria Campos,brittanyjones@example.com,Marshall Islands
Rachel Sanchez,brownkristin@example.com,Western Sahara
Patricia Davis,andrea46@example.net,Macao
Elizabeth Washington,fernandezbrian@example.com,Congo
John Haley,wardscott@example.net,Slovenia
Arthur Bell,bruceraymond@example.net,Jamaica
Laura Jenkins,john03@example.com,Rwanda
Tiffany Walter,malonekathleen@example.net,Uganda
Mr. Justin Butler,oliviachapman@example.org,Namibia
Tammy Austin,ypage@example.com,Saint Barthelemy
Christine Peterson,jamesshelton@example.net,Puerto Rico
Ryan Todd,jonesjames@example.net,Burkina Faso
Christopher Tate,emilyrollins@example.org,Croatia
Elizabeth Willis,christopher35@example.net,Venezuela
Zachary Dennis,dixonjoel@example.org,Spain
Patrick Guerrero,kevinevans@example.net,Saint Vincent and the Grenadines
William Thompson,davisrichard@example.org,Wallis and Futuna
Dale White,matthewbrooks@example.net,North Macedonia
Jennifer Gonzalez,sarah47@example.net,Singapore
Andrew Brady,ccollins@example.net,Denmark
Miguel Fox,paul55@example.org,Thailand
Mitchell Black,pamelamoore@example.org,Faroe Islands
Geoffrey Glenn,xmitchell@example.com,Poland
Jeffrey Lindsey,vbell@example.net,Guyana
Virginia Ayers,randallwood@example.org,Tuvalu
Michael Carrillo DDS,trubio@example.org,Svalbard & Jan Mayen Islands
Marilyn Valenzuela,lucasedward@example.org,Mauritania
Mark Roberts,wilsonamanda@example.org,Kyrgyz Republic
David Cook,collinsjames@example.com,Niger
Stephanie Baker,garrettmatthew@example.org,Chile
Amanda Salinas,xjones@example.net,Montserrat
Wendy Williams,jharris@example.net,Jamaica
Misty Greene,trevormclaughlin@example.com,Belize
Stephanie Hoover,sherrystone@example.net,New Zealand
Melissa Johnson,ehale@example.org,Sudan
Natalie Lawson,npearson@example.net,Falkland Islands (Malvinas)
Kelsey Bentley,bradmcconnell@example.com,Tajikistan
Jeffrey Barber,sheppardbrandy@example.org,Latvia
James Compton,cole24@example.org,Nicaragua
Nicole Short,jcooper@example.net,French Southern Territories
Suzanne Gross,zroth@example.com,Nepal
Maria Oconnor DVM,iporter@example.com,Estonia
Catherine Harding,abrown@example.org,Switzerland
Joshua Yates,danielle04@example.org,Malta
Nicole Henderson,buckleykevin@example.net,Saint Vincent and the Grenadines
Gabriella Rodriguez,qbowen@example.org,Kiribati
Alex Perkins,jamescannon@example.net,Dominica
Robert Lawson,david33@example.com,Egypt
Crystal Delgado,jessica21@example.com,Palestinian Territory
Kimberly Cooley,melanie32@example.net,Ethiopia
Michelle Munoz,adamshelton@example.com,Vietnam
Stephanie Mejia,shaneconner@example.com,Philippines
Mrs. Jennifer Vargas,parksmary@example.net,Djibouti
Anna Rose,espinozajon@example.net,Zimbabwe
Thomas Brown,pattersonwilliam@example.com,Kyrgyz Republic
James Gomez,qmiller@example.org,Indonesia
Charles Hill,douglas35@example.com,Togo
Curtis Lawrence,orozcotimothy@example.com,Uzbekistan
Heather Matthews,jeremymiller@example.com,Bangladesh
Jeffery Warren,juliewalters@example.net,Croatia
Jamie Brown,jacob66@example.com,Finland
Patrick Newton,joanne07@example.com,Burkina Faso
Marcus Lucas,matthew50@example.org,Solomon Islands
Joyce Wilson,rebekah01@example.org,Ecuador
Brian Tate,tammy80@example.com,Qatar
Michael Chaney,christopherperez@example.net,Jamaica
Wesley Young,andrew57@example.org,Myanmar
Brian Hernandez,martinezjennifer@example.org,Grenada
Kelly Brooks,ruizmorgan@example.com,Portugal
Robert Fry,rrollins@example.net,Saint Pierre and Miquelon
Nicholas Robles,lopeztina@example.net,Saint Lucia
Timothy Bates,shelly81@example.com,Egypt
Susan Bradley,kayla47@example.net,Barbados
Charles Johnson,kennethmartinez@example.org,Puerto Rico
Bryan Marshall,gsimon@example.com,French Guiana
Andrea Snow,jamessmith@example.net,Ukraine
Stephen Schwartz,cpowell@example.com,Oman
Gina Smith,erinshaw@example.com,Sierra Leone
Anna Wright,joseph42@example.org,Guinea
Hannah Thomas,joneschristina@example.net,Estonia
David Collins,wdiaz@example.com,Antigua and Barbuda
Cassandra Hunter,sheriadams@example.net,Greenland
Patricia Wilson,qharper@example.net,Mexico
Stacy Morton,matthewramos@example.com,Kuwait
Christine Cortez,andersonkatherine@example.com,Guernsey
Kari Nelson,pattersonthomas@example.org,Senegal
Kenneth Evans,npham@example.org,Belarus
Jaime Fernandez,julie96@example.org,Aruba
Emily Pittman,daustin@example.com,Nauru
Robert Evans,michaelray@example.org,Guernsey
Elizabeth Chandler,jenniferlopez@example.net,Puerto Rico
Dr. Nicole Lopez,rlawson@example.net,Timor-Leste
Christina Johnson,mkim@example.net,Korea
Theodore Robinson,faithmelton@example.com,Nauru
Tammy Bailey,adamsashley@example.com,Mauritius
Sydney Garcia,lisakoch@example.net,Sudan
Jennifer Dean,jonesruth@example.org,Saint Vincent and the Grenadines
